"game_str","home_team","away_team","at_bat","play_per_game","top_bottom_inning","pitcher","catcher","first_base","second_base","third_base","shortstop","left_field","center_field","right_field","batter","first_baserunner","second_baserunner","third_baserunner"
"y1_d064_IAQ_YJD","YJD","IAQ",1,1,"top","YJD-0273","YJD-0020","YJD-0373","YJD-0025","YJD-0345","YJD-0172","YJD-0340","YJD-0193","YJD-0185","IAQ-1216",NA,NA,NA
"y1_d064_IAQ_YJD","YJD","IAQ",1,2,"top","YJD-0273","YJD-0020","YJD-0373","YJD-0025","YJD-0345","YJD-0172","YJD-0340","YJD-0193","YJD-0185","IAQ-1216",NA,NA,NA
"y1_d064_IAQ_YJD","YJD","IAQ",2,3,"top","YJD-0273","YJD-0020","YJD-0373","YJD-0025","YJD-0345","YJD-0172","YJD-0340","YJD-0193","YJD-0185","IAQ-1483",NA,NA,NA
"y1_d064_IAQ_YJD","YJD","IAQ",3,6,"top","YJD-0273","YJD-0020","YJD-0373","YJD-0025","YJD-0345","YJD-0172","YJD-0340","YJD-0193","YJD-0185","IAQ-1358","IAQ-1483",NA,NA
"y1_d064_IAQ_YJD","YJD","IAQ",3,7,"top","YJD-0273","YJD-0020","YJD-0373","YJD-0025","YJD-0345","YJD-0172","YJD-0340","YJD-0193","YJD-0185","IAQ-1358","IAQ-1483",NA,NA
"y1_d064_IAQ_YJD","YJD","IAQ",4,8,"top","YJD-0273","YJD-0020","YJD-0373","YJD-0025","YJD-0345","YJD-0172","YJD-0340","YJD-0193","YJD-0185","IAQ-1358","IAQ-1483",NA,NA
"y1_d064_IAQ_YJD","YJD","IAQ",4,9,"top","YJD-0273","YJD-0020","YJD-0373","YJD-0025","YJD-0345","YJD-0172","YJD-0340","YJD-0193","YJD-0185","IAQ-1358","IAQ-1483",NA,NA
"y1_d064_IAQ_YJD","YJD","IAQ",4,10,"bottom","IAQ-2116","IAQ-1373","IAQ-2453","IAQ-1216","IAQ-1209","IAQ-1775","IAQ-1483","IAQ-1783","IAQ-1669","YJD-0345",NA,NA,NA
"y1_d064_IAQ_YJD","YJD","IAQ",4,11,"bottom","IAQ-2116","IAQ-1373","IAQ-2453","IAQ-1216","IAQ-1209","IAQ-1775","IAQ-1483","IAQ-1783","IAQ-1669","YJD-0345",NA,NA,NA
"y1_d064_IAQ_YJD","YJD","IAQ",4,12,"bottom","IAQ-2116","IAQ-1373","IAQ-2453","IAQ-1216","IAQ-1209","IAQ-1775","IAQ-1483","IAQ-1783","IAQ-1669","YJD-0345",NA,NA,NA
"y1_d064_IAQ_YJD","YJD","IAQ",4,13,"bottom","IAQ-2116","IAQ-1373","IAQ-2453","IAQ-1216","IAQ-1209","IAQ-1775","IAQ-1483","IAQ-1783","IAQ-1669","YJD-0345",NA,NA,NA
"y1_d064_IAQ_YJD","YJD","IAQ",5,14,"bottom","IAQ-2116","IAQ-1373","IAQ-2453","IAQ-1216","IAQ-1209","IAQ-1775","IAQ-1483","IAQ-1783","IAQ-1669","YJD-0345",NA,NA,NA
"y1_d064_IAQ_YJD","YJD","IAQ",5,15,"bottom","IAQ-2116","IAQ-1373","IAQ-2453","IAQ-1216","IAQ-1209","IAQ-1775","IAQ-1483","IAQ-1783","IAQ-1669","YJD-0345",NA,NA,NA
"y1_d064_IAQ_YJD","YJD","IAQ",5,16,"bottom","IAQ-2116","IAQ-1373","IAQ-2453","IAQ-1216","IAQ-1209","IAQ-1775","IAQ-1483","IAQ-1783","IAQ-1669","YJD-0025",NA,NA,NA
"y1_d064_IAQ_YJD","YJD","IAQ",5,17,"bottom","IAQ-2116","IAQ-1373","IAQ-2453","IAQ-1216","IAQ-1209","IAQ-1775","IAQ-1483","IAQ-1783","IAQ-1669","YJD-0025",NA,NA,NA
"y1_d064_IAQ_YJD","YJD","IAQ",5,18,"bottom","IAQ-2116","IAQ-1373","IAQ-2453","IAQ-1216","IAQ-1209","IAQ-1775","IAQ-1483","IAQ-1783","IAQ-1669","YJD-0025",NA,NA,NA
"y1_d064_IAQ_YJD","YJD","IAQ",5,19,"bottom","IAQ-2116","IAQ-1373","IAQ-2453","IAQ-1216","IAQ-1209","IAQ-1775","IAQ-1483","IAQ-1783","IAQ-1669","YJD-0025",NA,NA,NA
"y1_d064_IAQ_YJD","YJD","IAQ",5,20,"bottom","IAQ-2116","IAQ-1373","IAQ-2453","IAQ-1216","IAQ-1209","IAQ-1775","IAQ-1483","IAQ-1783","IAQ-1669","YJD-0025",NA,NA,NA
"y1_d064_IAQ_YJD","YJD","IAQ",6,21,"bottom","IAQ-2116","IAQ-1373","IAQ-2453","IAQ-1216","IAQ-1209","IAQ-1775","IAQ-1483","IAQ-1783","IAQ-1669","YJD-0025",NA,NA,NA
"y1_d064_IAQ_YJD","YJD","IAQ",6,22,"bottom","IAQ-2116","IAQ-1373","IAQ-2453","IAQ-1216","IAQ-1209","IAQ-1775","IAQ-1483","IAQ-1783","IAQ-1669","YJD-0025",NA,NA,NA
"y1_d064_IAQ_YJD","YJD","IAQ",6,23,"bottom","IAQ-2116","IAQ-1373","IAQ-2453","IAQ-1216","IAQ-1209","IAQ-1775","IAQ-1483","IAQ-1783","IAQ-1669","YJD-0210",NA,"YJD-0025",NA
"y1_d064_IAQ_YJD","YJD","IAQ",7,24,"bottom","IAQ-2116","IAQ-1373","IAQ-2453","IAQ-1216","IAQ-1209","IAQ-1775","IAQ-1483","IAQ-1783","IAQ-1669","YJD-0210",NA,"YJD-0025",NA
"y1_d064_IAQ_YJD","YJD","IAQ",7,25,"bottom","IAQ-2116","IAQ-1373","IAQ-2453","IAQ-1216","IAQ-1209","IAQ-1775","IAQ-1483","IAQ-1783","IAQ-1669","YJD-0210",NA,"YJD-0025",NA
"y1_d064_IAQ_YJD","YJD","IAQ",8,26,"bottom","IAQ-2116","IAQ-1373","IAQ-2453","IAQ-1216","IAQ-1209","IAQ-1775","IAQ-1483","IAQ-1783","IAQ-1669","YJD-0373",NA,"YJD-0025",NA
"y1_d064_IAQ_YJD","YJD","IAQ",8,27,"bottom","IAQ-2116","IAQ-1373","IAQ-2453","IAQ-1216","IAQ-1209","IAQ-1775","IAQ-1483","IAQ-1783","IAQ-1669","YJD-0373",NA,"YJD-0025",NA
"y1_d064_IAQ_YJD","YJD","IAQ",8,28,"top","YJD-0273","YJD-0020","YJD-0373","YJD-0025","YJD-0345","YJD-0172","YJD-0340","YJD-0193","YJD-0185","IAQ-1669",NA,NA,NA
"y1_d064_IAQ_YJD","YJD","IAQ",8,29,"top","YJD-0273","YJD-0020","YJD-0373","YJD-0025","YJD-0345","YJD-0172","YJD-0340","YJD-0193","YJD-0185","IAQ-1669",NA,NA,NA
"y1_d064_IAQ_YJD","YJD","IAQ",9,30,"top","YJD-0273","YJD-0020","YJD-0373","YJD-0025","YJD-0345","YJD-0172","YJD-0340","YJD-0193","YJD-0185","IAQ-1669",NA,NA,NA
"y1_d064_IAQ_YJD","YJD","IAQ",10,31,"top","YJD-0273","YJD-0020","YJD-0373","YJD-0025","YJD-0345","YJD-0172","YJD-0340","YJD-0193","YJD-0185","IAQ-1669",NA,NA,NA
"y1_d064_IAQ_YJD","YJD","IAQ",10,32,"top","YJD-0273","YJD-0020","YJD-0373","YJD-0025","YJD-0345","YJD-0172","YJD-0340","YJD-0193","YJD-0185","IAQ-2453",NA,NA,NA
"y1_d064_IAQ_YJD","YJD","IAQ",10,33,"top","YJD-0273","YJD-0020","YJD-0373","YJD-0025","YJD-0345","YJD-0172","YJD-0340","YJD-0193","YJD-0185","IAQ-1373",NA,"IAQ-2453",NA
"y1_d064_IAQ_YJD","YJD","IAQ",10,34,"top","YJD-0273","YJD-0020","YJD-0373","YJD-0025","YJD-0345","YJD-0172","YJD-0340","YJD-0193","YJD-0185","IAQ-1373",NA,"IAQ-2453",NA
"y1_d064_IAQ_YJD","YJD","IAQ",11,35,"top","YJD-0273","YJD-0020","YJD-0373","YJD-0025","YJD-0345","YJD-0172","YJD-0340","YJD-0193","YJD-0185","IAQ-1373",NA,"IAQ-2453",NA
"y1_d064_IAQ_YJD","YJD","IAQ",11,36,"top","YJD-0273","YJD-0020","YJD-0373","YJD-0025","YJD-0345","YJD-0172","YJD-0340","YJD-0193","YJD-0185","IAQ-1373",NA,"IAQ-2453",NA
"y1_d064_IAQ_YJD","YJD","IAQ",NA,37,"top","YJD-0273","YJD-0020","YJD-0373","YJD-0025","YJD-0345","YJD-0172","YJD-0340","YJD-0193","YJD-0185","IAQ-1783",NA,"IAQ-2453",NA
"y1_d064_IAQ_YJD","YJD","IAQ",12,38,"top","YJD-0273","YJD-0020","YJD-0373","YJD-0025","YJD-0345","YJD-0172","YJD-0340","YJD-0193","YJD-0185","IAQ-1783",NA,"IAQ-2453",NA
"y1_d064_IAQ_YJD","YJD","IAQ",13,40,"top","YJD-0273","YJD-0020","YJD-0373","YJD-0025","YJD-0345","YJD-0172","YJD-0340","YJD-0193","YJD-0185","IAQ-1209","IAQ-1783",NA,NA
"y1_d064_IAQ_YJD","YJD","IAQ",13,41,"top","YJD-0273","YJD-0020","YJD-0373","YJD-0025","YJD-0345","YJD-0172","YJD-0340","YJD-0193","YJD-0185","IAQ-1209","IAQ-1783",NA,NA
"y1_d064_IAQ_YJD","YJD","IAQ",13,42,"top","YJD-0273","YJD-0020","YJD-0373","YJD-0025","YJD-0345","YJD-0172","YJD-0340","YJD-0193","YJD-0185","IAQ-1775","IAQ-1209","IAQ-1783",NA
"y1_d064_IAQ_YJD","YJD","IAQ",13,43,"top","YJD-0273","YJD-0020","YJD-0373","YJD-0025","YJD-0345","YJD-0172","YJD-0340","YJD-0193","YJD-0185","IAQ-1775","IAQ-1209","IAQ-1783",NA
"y1_d064_IAQ_YJD","YJD","IAQ",13,44,"top","YJD-0273","YJD-0020","YJD-0373","YJD-0025","YJD-0345","YJD-0172","YJD-0340","YJD-0193","YJD-0185","IAQ-1775","IAQ-1209","IAQ-1783",NA
"y1_d064_IAQ_YJD","YJD","IAQ",14,45,"top","YJD-0273","YJD-0020","YJD-0373","YJD-0025","YJD-0345","YJD-0172","YJD-0340","YJD-0193","YJD-0185","IAQ-1775","IAQ-1209","IAQ-1783",NA
"y1_d064_IAQ_YJD","YJD","IAQ",14,46,"top","YJD-0273","YJD-0020","YJD-0373","YJD-0025","YJD-0345","YJD-0172","YJD-0340","YJD-0193","YJD-0185","IAQ-1775","IAQ-1209","IAQ-1783",NA
"y1_d064_IAQ_YJD","YJD","IAQ",14,47,"bottom","IAQ-2116","IAQ-1373","IAQ-2453","IAQ-1216","IAQ-1209","IAQ-1775","IAQ-1483","IAQ-1783","IAQ-1669","YJD-0340",NA,NA,NA
"y1_d064_IAQ_YJD","YJD","IAQ",14,48,"bottom","IAQ-2116","IAQ-1373","IAQ-2453","IAQ-1216","IAQ-1209","IAQ-1775","IAQ-1483","IAQ-1783","IAQ-1669","YJD-0340",NA,NA,NA
"y1_d064_IAQ_YJD","YJD","IAQ",14,49,"bottom","IAQ-2116","IAQ-1373","IAQ-2453","IAQ-1216","IAQ-1209","IAQ-1775","IAQ-1483","IAQ-1783","IAQ-1669","YJD-0340",NA,NA,NA
"y1_d064_IAQ_YJD","YJD","IAQ",15,50,"bottom","IAQ-2116","IAQ-1373","IAQ-2453","IAQ-1216","IAQ-1209","IAQ-1775","IAQ-1483","IAQ-1783","IAQ-1669","YJD-0340",NA,NA,NA
"y1_d064_IAQ_YJD","YJD","IAQ",15,51,"bottom","IAQ-2116","IAQ-1373","IAQ-2453","IAQ-1216","IAQ-1209","IAQ-1775","IAQ-1483","IAQ-1783","IAQ-1669","YJD-0340",NA,NA,NA
"y1_d064_IAQ_YJD","YJD","IAQ",15,52,"bottom","IAQ-2116","IAQ-1373","IAQ-2453","IAQ-1216","IAQ-1209","IAQ-1775","IAQ-1483","IAQ-1783","IAQ-1669","YJD-0193","YJD-0340",NA,NA
"y1_d064_IAQ_YJD","YJD","IAQ",NA,53,"bottom","IAQ-2116","IAQ-1373","IAQ-2453","IAQ-1216","IAQ-1209","IAQ-1775","IAQ-1483","IAQ-1783","IAQ-1669","YJD-0193","YJD-0340",NA,NA
"y1_d064_IAQ_YJD","YJD","IAQ",15,54,"bottom","IAQ-2116","IAQ-1373","IAQ-2453","IAQ-1216","IAQ-1209","IAQ-1775","IAQ-1483","IAQ-1783","IAQ-1669","YJD-0193","YJD-0340",NA,NA
"y1_d064_IAQ_YJD","YJD","IAQ",16,56,"bottom","IAQ-2116","IAQ-1373","IAQ-2453","IAQ-1216","IAQ-1209","IAQ-1775","IAQ-1483","IAQ-1783","IAQ-1669","YJD-0193","YJD-0340",NA,NA
"y1_d064_IAQ_YJD","YJD","IAQ",16,57,"bottom","IAQ-2116","IAQ-1373","IAQ-2453","IAQ-1216","IAQ-1209","IAQ-1775","IAQ-1483","IAQ-1783","IAQ-1669","YJD-0172","YJD-0340",NA,NA
"y1_d064_IAQ_YJD","YJD","IAQ",16,58,"bottom","IAQ-2116","IAQ-1373","IAQ-2453","IAQ-1216","IAQ-1209","IAQ-1775","IAQ-1483","IAQ-1783","IAQ-1669","YJD-0172","YJD-0340",NA,NA
"y1_d064_IAQ_YJD","YJD","IAQ",16,59,"bottom","IAQ-2116","IAQ-1373","IAQ-2453","IAQ-1216","IAQ-1209","IAQ-1775","IAQ-1483","IAQ-1783","IAQ-1669","YJD-0172","YJD-0340",NA,NA
"y1_d064_IAQ_YJD","YJD","IAQ",17,60,"bottom","IAQ-2116","IAQ-1373","IAQ-2453","IAQ-1216","IAQ-1209","IAQ-1775","IAQ-1483","IAQ-1783","IAQ-1669","YJD-0172","YJD-0340",NA,NA
"y1_d064_IAQ_YJD","YJD","IAQ",17,61,"bottom","IAQ-2116","IAQ-1373","IAQ-2453","IAQ-1216","IAQ-1209","IAQ-1775","IAQ-1483","IAQ-1783","IAQ-1669","YJD-0172","YJD-0340",NA,NA
"y1_d064_IAQ_YJD","YJD","IAQ",17,62,"bottom","IAQ-2116","IAQ-1373","IAQ-2453","IAQ-1216","IAQ-1209","IAQ-1775","IAQ-1483","IAQ-1783","IAQ-1669","YJD-0185","YJD-0172","YJD-0340",NA
"y1_d064_IAQ_YJD","YJD","IAQ",17,63,"bottom","IAQ-2116","IAQ-1373","IAQ-2453","IAQ-1216","IAQ-1209","IAQ-1775","IAQ-1483","IAQ-1783","IAQ-1669","YJD-0185","YJD-0172","YJD-0340",NA
"y1_d064_IAQ_YJD","YJD","IAQ",17,64,"bottom","IAQ-2116","IAQ-1373","IAQ-2453","IAQ-1216","IAQ-1209","IAQ-1775","IAQ-1483","IAQ-1783","IAQ-1669","YJD-0185","YJD-0172","YJD-0340",NA
"y1_d064_IAQ_YJD","YJD","IAQ",17,65,"bottom","IAQ-2116","IAQ-1373","IAQ-2453","IAQ-1216","IAQ-1209","IAQ-1775","IAQ-1483","IAQ-1783","IAQ-1669","YJD-0185","YJD-0172","YJD-0340",NA
"y1_d064_IAQ_YJD","YJD","IAQ",18,66,"bottom","IAQ-2116","IAQ-1373","IAQ-2453","IAQ-1216","IAQ-1209","IAQ-1775","IAQ-1483","IAQ-1783","IAQ-1669","YJD-0185","YJD-0172","YJD-0340",NA
"y1_d064_IAQ_YJD","YJD","IAQ",18,67,"bottom","IAQ-2116","IAQ-1373","IAQ-2453","IAQ-1216","IAQ-1209","IAQ-1775","IAQ-1483","IAQ-1783","IAQ-1669","YJD-0185","YJD-0172","YJD-0340",NA
"y1_d064_IAQ_YJD","YJD","IAQ",18,68,"bottom","IAQ-2116","IAQ-1373","IAQ-2453","IAQ-1216","IAQ-1209","IAQ-1775","IAQ-1483","IAQ-1783","IAQ-1669","YJD-0020","YJD-0185","YJD-0172","YJD-0340"
"y1_d064_IAQ_YJD","YJD","IAQ",18,69,"bottom","IAQ-2116","IAQ-1373","IAQ-2453","IAQ-1216","IAQ-1209","IAQ-1775","IAQ-1483","IAQ-1783","IAQ-1669","YJD-0020","YJD-0185","YJD-0172","YJD-0340"
"y1_d064_IAQ_YJD","YJD","IAQ",19,70,"bottom","IAQ-2116","IAQ-1373","IAQ-2453","IAQ-1216","IAQ-1209","IAQ-1775","IAQ-1483","IAQ-1783","IAQ-1669","YJD-0020","YJD-0185","YJD-0172","YJD-0340"
"y1_d064_IAQ_YJD","YJD","IAQ",20,71,"bottom","IAQ-2116","IAQ-1373","IAQ-2453","IAQ-1216","IAQ-1209","IAQ-1775","IAQ-1483","IAQ-1783","IAQ-1669","YJD-0020","YJD-0185","YJD-0172","YJD-0340"
"y1_d064_IAQ_YJD","YJD","IAQ",20,72,"bottom","IAQ-2116","IAQ-1373","IAQ-2453","IAQ-1216","IAQ-1209","IAQ-1775","IAQ-1483","IAQ-1783","IAQ-1669","YJD-0345","YJD-0020","YJD-0185","YJD-0172"
"y1_d064_IAQ_YJD","YJD","IAQ",20,73,"bottom","IAQ-2116","IAQ-1373","IAQ-2453","IAQ-1216","IAQ-1209","IAQ-1775","IAQ-1483","IAQ-1783","IAQ-1669","YJD-0025",NA,NA,"YJD-0345"
"y1_d064_IAQ_YJD","YJD","IAQ",20,74,"bottom","IAQ-2116","IAQ-1373","IAQ-2453","IAQ-1216","IAQ-1209","IAQ-1775","IAQ-1483","IAQ-1783","IAQ-1669","YJD-0025",NA,NA,"YJD-0345"
"y1_d064_IAQ_YJD","YJD","IAQ",21,75,"bottom","IAQ-2116","IAQ-1373","IAQ-2453","IAQ-1216","IAQ-1209","IAQ-1775","IAQ-1483","IAQ-1783","IAQ-1669","YJD-0025",NA,NA,"YJD-0345"
"y1_d064_IAQ_YJD","YJD","IAQ",21,76,"bottom","IAQ-2116","IAQ-1373","IAQ-2453","IAQ-1216","IAQ-1209","IAQ-1775","IAQ-1483","IAQ-1783","IAQ-1669","YJD-0025",NA,NA,"YJD-0345"
"y1_d064_IAQ_YJD","YJD","IAQ",21,77,"bottom","IAQ-2116","IAQ-1373","IAQ-2453","IAQ-1216","IAQ-1209","IAQ-1775","IAQ-1483","IAQ-1783","IAQ-1669","YJD-0210","YJD-0025",NA,NA
"y1_d064_IAQ_YJD","YJD","IAQ",21,78,"bottom","IAQ-2116","IAQ-1373","IAQ-2453","IAQ-1216","IAQ-1209","IAQ-1775","IAQ-1483","IAQ-1783","IAQ-1669","YJD-0210","YJD-0025",NA,NA
"y1_d064_IAQ_YJD","YJD","IAQ",NA,79,"bottom","IAQ-2116","IAQ-1373","IAQ-2453","IAQ-1216","IAQ-1209","IAQ-1775","IAQ-1483","IAQ-1783","IAQ-1669","YJD-0210","YJD-0025",NA,NA
"y1_d064_IAQ_YJD","YJD","IAQ",22,80,"bottom","IAQ-2116","IAQ-1373","IAQ-2453","IAQ-1216","IAQ-1209","IAQ-1775","IAQ-1483","IAQ-1783","IAQ-1669","YJD-0210","YJD-0025",NA,NA
"y1_d064_IAQ_YJD","YJD","IAQ",22,82,"bottom","IAQ-2116","IAQ-1373","IAQ-2453","IAQ-1216","IAQ-1209","IAQ-1775","IAQ-1483","IAQ-1783","IAQ-1669","YJD-0373","YJD-0210","YJD-0025",NA
"y1_d064_IAQ_YJD","YJD","IAQ",22,83,"bottom","IAQ-2116","IAQ-1373","IAQ-2453","IAQ-1216","IAQ-1209","IAQ-1775","IAQ-1483","IAQ-1783","IAQ-1669","YJD-0373","YJD-0210","YJD-0025",NA
"y1_d064_IAQ_YJD","YJD","IAQ",22,84,"bottom","IAQ-2116","IAQ-1373","IAQ-2453","IAQ-1216","IAQ-1209","IAQ-1775","IAQ-1483","IAQ-1783","IAQ-1669","YJD-0373","YJD-0210","YJD-0025",NA
"y1_d064_IAQ_YJD","YJD","IAQ",23,85,"bottom","IAQ-2116","IAQ-1373","IAQ-2453","IAQ-1216","IAQ-1209","IAQ-1775","IAQ-1483","IAQ-1783","IAQ-1669","YJD-0373","YJD-0210","YJD-0025",NA
"y1_d064_IAQ_YJD","YJD","IAQ",24,86,"bottom","IAQ-2116","IAQ-1373","IAQ-2453","IAQ-1216","IAQ-1209","IAQ-1775","IAQ-1483","IAQ-1783","IAQ-1669","YJD-0373","YJD-0210","YJD-0025",NA
"y1_d064_IAQ_YJD","YJD","IAQ",24,87,"bottom","IAQ-1959","IAQ-1373","IAQ-2453","IAQ-1216","IAQ-1209","IAQ-1775","IAQ-1483","IAQ-1783","IAQ-1669","YJD-0340","YJD-0210","YJD-0025",NA
"y1_d064_IAQ_YJD","YJD","IAQ",24,88,"top","YJD-0273","YJD-0020","YJD-0373","YJD-0025","YJD-0345","YJD-0172","YJD-0340","YJD-0193","YJD-0185","IAQ-1216",NA,NA,NA
"y1_d064_IAQ_YJD","YJD","IAQ",24,89,"top","YJD-0273","YJD-0020","YJD-0373","YJD-0025","YJD-0345","YJD-0172","YJD-0340","YJD-0193","YJD-0185","IAQ-1216",NA,NA,NA
"y1_d064_IAQ_YJD","YJD","IAQ",24,90,"top","YJD-0273","YJD-0020","YJD-0373","YJD-0025","YJD-0345","YJD-0172","YJD-0340","YJD-0193","YJD-0185","IAQ-1216",NA,NA,NA
"y1_d064_IAQ_YJD","YJD","IAQ",25,91,"top","YJD-0273","YJD-0020","YJD-0373","YJD-0025","YJD-0345","YJD-0172","YJD-0340","YJD-0193","YJD-0185","IAQ-1216",NA,NA,NA
"y1_d064_IAQ_YJD","YJD","IAQ",25,92,"top","YJD-0273","YJD-0020","YJD-0373","YJD-0025","YJD-0345","YJD-0172","YJD-0340","YJD-0193","YJD-0185","IAQ-1216",NA,NA,NA
"y1_d064_IAQ_YJD","YJD","IAQ",25,93,"top","YJD-0273","YJD-0020","YJD-0373","YJD-0025","YJD-0345","YJD-0172","YJD-0340","YJD-0193","YJD-0185","IAQ-1483",NA,NA,NA
"y1_d064_IAQ_YJD","YJD","IAQ",25,94,"top","YJD-0273","YJD-0020","YJD-0373","YJD-0025","YJD-0345","YJD-0172","YJD-0340","YJD-0193","YJD-0185","IAQ-1483",NA,NA,NA
"y1_d064_IAQ_YJD","YJD","IAQ",26,95,"top","YJD-0273","YJD-0020","YJD-0373","YJD-0025","YJD-0345","YJD-0172","YJD-0340","YJD-0193","YJD-0185","IAQ-1483",NA,NA,NA
"y1_d064_IAQ_YJD","YJD","IAQ",27,96,"top","YJD-0273","YJD-0020","YJD-0373","YJD-0025","YJD-0345","YJD-0172","YJD-0340","YJD-0193","YJD-0185","IAQ-1483",NA,NA,NA
"y1_d064_IAQ_YJD","YJD","IAQ",27,97,"top","YJD-0273","YJD-0020","YJD-0373","YJD-0025","YJD-0345","YJD-0172","YJD-0340","YJD-0193","YJD-0185","IAQ-1358",NA,NA,NA
"y1_d064_IAQ_YJD","YJD","IAQ",28,98,"top","YJD-0273","YJD-0020","YJD-0373","YJD-0025","YJD-0345","YJD-0172","YJD-0340","YJD-0193","YJD-0185","IAQ-1669",NA,NA,NA
"y1_d064_IAQ_YJD","YJD","IAQ",28,99,"top","YJD-0273","YJD-0020","YJD-0373","YJD-0025","YJD-0345","YJD-0172","YJD-0340","YJD-0193","YJD-0185","IAQ-1669",NA,NA,NA
"y1_d064_IAQ_YJD","YJD","IAQ",28,100,"top","YJD-0273","YJD-0020","YJD-0373","YJD-0025","YJD-0345","YJD-0172","YJD-0340","YJD-0193","YJD-0185","IAQ-2453",NA,"IAQ-1669",NA
"y1_d064_IAQ_YJD","YJD","IAQ",28,101,"top","YJD-0273","YJD-0020","YJD-0373","YJD-0025","YJD-0345","YJD-0172","YJD-0340","YJD-0193","YJD-0185","IAQ-2453",NA,"IAQ-1669",NA
"y1_d064_IAQ_YJD","YJD","IAQ",28,102,"top","YJD-0273","YJD-0020","YJD-0373","YJD-0025","YJD-0345","YJD-0172","YJD-0340","YJD-0193","YJD-0185","IAQ-2453",NA,"IAQ-1669",NA
"y1_d064_IAQ_YJD","YJD","IAQ",29,103,"top","YJD-0273","YJD-0020","YJD-0373","YJD-0025","YJD-0345","YJD-0172","YJD-0340","YJD-0193","YJD-0185","IAQ-2453",NA,"IAQ-1669",NA
"y1_d064_IAQ_YJD","YJD","IAQ",29,104,"top","YJD-0273","YJD-0020","YJD-0373","YJD-0025","YJD-0345","YJD-0172","YJD-0340","YJD-0193","YJD-0185","IAQ-2453",NA,"IAQ-1669",NA
"y1_d064_IAQ_YJD","YJD","IAQ",29,105,"top","YJD-0273","YJD-0020","YJD-0373","YJD-0025","YJD-0345","YJD-0172","YJD-0340","YJD-0193","YJD-0185","IAQ-1373","IAQ-2453","IAQ-1669",NA
"y1_d064_IAQ_YJD","YJD","IAQ",30,106,"top","YJD-0273","YJD-0020","YJD-0373","YJD-0025","YJD-0345","YJD-0172","YJD-0340","YJD-0193","YJD-0185","IAQ-1373","IAQ-2453","IAQ-1669",NA
"y1_d064_IAQ_YJD","YJD","IAQ",31,107,"top","YJD-0273","YJD-0020","YJD-0373","YJD-0025","YJD-0345","YJD-0172","YJD-0340","YJD-0193","YJD-0185","IAQ-1373","IAQ-2453","IAQ-1669",NA
"y1_d064_IAQ_YJD","YJD","IAQ",31,108,"bottom","IAQ-1959","IAQ-1373","IAQ-2453","IAQ-1216","IAQ-1209","IAQ-1775","IAQ-1483","IAQ-1783","IAQ-1669","YJD-0193",NA,NA,NA
"y1_d064_IAQ_YJD","YJD","IAQ",31,109,"bottom","IAQ-1959","IAQ-1373","IAQ-2453","IAQ-1216","IAQ-1209","IAQ-1775","IAQ-1483","IAQ-1783","IAQ-1669","YJD-0172","YJD-0193",NA,NA
"y1_d064_IAQ_YJD","YJD","IAQ",NA,110,"bottom","IAQ-1959","IAQ-1373","IAQ-2453","IAQ-1216","IAQ-1209","IAQ-1775","IAQ-1483","IAQ-1783","IAQ-1669","YJD-0172","YJD-0193",NA,NA
"y1_d064_IAQ_YJD","YJD","IAQ",31,111,"bottom","IAQ-1959","IAQ-1373","IAQ-2453","IAQ-1216","IAQ-1209","IAQ-1775","IAQ-1483","IAQ-1783","IAQ-1669","YJD-0172","YJD-0193",NA,NA
"y1_d064_IAQ_YJD","YJD","IAQ",32,113,"bottom","IAQ-1959","IAQ-1373","IAQ-2453","IAQ-1216","IAQ-1209","IAQ-1775","IAQ-1483","IAQ-1783","IAQ-1669","YJD-0172","YJD-0193",NA,NA
"y1_d064_IAQ_YJD","YJD","IAQ",32,114,"bottom","IAQ-1959","IAQ-1373","IAQ-2453","IAQ-1216","IAQ-1209","IAQ-1775","IAQ-1483","IAQ-1783","IAQ-1669","YJD-0185","YJD-0193",NA,NA
"y1_d064_IAQ_YJD","YJD","IAQ",32,115,"bottom","IAQ-1959","IAQ-1373","IAQ-2453","IAQ-1216","IAQ-1209","IAQ-1775","IAQ-1483","IAQ-1783","IAQ-1669","YJD-0185",NA,"YJD-0193",NA
"y1_d064_IAQ_YJD","YJD","IAQ",32,116,"bottom","IAQ-1959","IAQ-1373","IAQ-2453","IAQ-1216","IAQ-1209","IAQ-1775","IAQ-1483","IAQ-1783","IAQ-1669","YJD-0185",NA,"YJD-0193",NA
"y1_d064_IAQ_YJD","YJD","IAQ",32,117,"bottom","IAQ-1959","IAQ-1373","IAQ-2453","IAQ-1216","IAQ-1209","IAQ-1775","IAQ-1483","IAQ-1783","IAQ-1669","YJD-0185",NA,"YJD-0193",NA
"y1_d064_IAQ_YJD","YJD","IAQ",33,118,"bottom","IAQ-1959","IAQ-1373","IAQ-2453","IAQ-1216","IAQ-1209","IAQ-1775","IAQ-1483","IAQ-1783","IAQ-1669","YJD-0185",NA,"YJD-0193",NA
"y1_d064_IAQ_YJD","YJD","IAQ",34,119,"bottom","IAQ-1959","IAQ-1373","IAQ-2453","IAQ-1216","IAQ-1209","IAQ-1775","IAQ-1483","IAQ-1783","IAQ-1669","YJD-0185",NA,"YJD-0193",NA
"y1_d064_IAQ_YJD","YJD","IAQ",35,120,"bottom","IAQ-1959","IAQ-1373","IAQ-2453","IAQ-1216","IAQ-1209","IAQ-1775","IAQ-1483","IAQ-1783","IAQ-1669","YJD-0020",NA,"YJD-0193",NA
"y1_d064_IAQ_YJD","YJD","IAQ",35,121,"top","YJD-0273","YJD-0020","YJD-0373","YJD-0025","YJD-0345","YJD-0172","YJD-0340","YJD-0193","YJD-0185","IAQ-1783",NA,NA,NA
"y1_d064_IAQ_YJD","YJD","IAQ",35,122,"top","YJD-0273","YJD-0020","YJD-0373","YJD-0025","YJD-0345","YJD-0172","YJD-0340","YJD-0193","YJD-0185","IAQ-1209","IAQ-1783",NA,NA
"y1_d064_IAQ_YJD","YJD","IAQ",35,123,"top","YJD-0273","YJD-0020","YJD-0373","YJD-0025","YJD-0345","YJD-0172","YJD-0340","YJD-0193","YJD-0185","IAQ-1209","IAQ-1783",NA,NA
"y1_d064_IAQ_YJD","YJD","IAQ",NA,124,"top","YJD-0273","YJD-0020","YJD-0373","YJD-0025","YJD-0345","YJD-0172","YJD-0340","YJD-0193","YJD-0185","IAQ-1209","IAQ-1783",NA,NA
"y1_d064_IAQ_YJD","YJD","IAQ",36,125,"top","YJD-0273","YJD-0020","YJD-0373","YJD-0025","YJD-0345","YJD-0172","YJD-0340","YJD-0193","YJD-0185","IAQ-1209","IAQ-1783",NA,NA
"y1_d064_IAQ_YJD","YJD","IAQ",37,128,"top","YJD-0273","YJD-0020","YJD-0373","YJD-0025","YJD-0345","YJD-0172","YJD-0340","YJD-0193","YJD-0185","IAQ-1775",NA,NA,NA
"y1_d064_IAQ_YJD","YJD","IAQ",38,129,"top","YJD-0273","YJD-0020","YJD-0373","YJD-0025","YJD-0345","YJD-0172","YJD-0340","YJD-0193","YJD-0185","IAQ-1775",NA,NA,NA
"y1_d064_IAQ_YJD","YJD","IAQ",38,130,"top","YJD-0273","YJD-0020","YJD-0373","YJD-0025","YJD-0345","YJD-0172","YJD-0340","YJD-0193","YJD-0185","IAQ-1775",NA,NA,NA
"y1_d064_IAQ_YJD","YJD","IAQ",38,131,"bottom","IAQ-1959","IAQ-1373","IAQ-2453","IAQ-1216","IAQ-1209","IAQ-1775","IAQ-1483","IAQ-1783","IAQ-1669","YJD-0345",NA,NA,NA
"y1_d064_IAQ_YJD","YJD","IAQ",38,132,"bottom","IAQ-1959","IAQ-1373","IAQ-2453","IAQ-1216","IAQ-1209","IAQ-1775","IAQ-1483","IAQ-1783","IAQ-1669","YJD-0025",NA,NA,NA
"y1_d064_IAQ_YJD","YJD","IAQ",39,133,"bottom","IAQ-1959","IAQ-1373","IAQ-2453","IAQ-1216","IAQ-1209","IAQ-1775","IAQ-1483","IAQ-1783","IAQ-1669","YJD-0025",NA,NA,NA
"y1_d064_IAQ_YJD","YJD","IAQ",39,134,"bottom","IAQ-1959","IAQ-1373","IAQ-2453","IAQ-1216","IAQ-1209","IAQ-1775","IAQ-1483","IAQ-1783","IAQ-1669","YJD-0025",NA,NA,NA
"y1_d064_IAQ_YJD","YJD","IAQ",39,135,"bottom","IAQ-1959","IAQ-1373","IAQ-2453","IAQ-1216","IAQ-1209","IAQ-1775","IAQ-1483","IAQ-1783","IAQ-1669","YJD-0025",NA,NA,NA
"y1_d064_IAQ_YJD","YJD","IAQ",39,136,"bottom","IAQ-1959","IAQ-1373","IAQ-2453","IAQ-1216","IAQ-1209","IAQ-1775","IAQ-1483","IAQ-1783","IAQ-1669","YJD-0210","YJD-0025",NA,NA
"y1_d064_IAQ_YJD","YJD","IAQ",39,137,"bottom","IAQ-1959","IAQ-1373","IAQ-2453","IAQ-1216","IAQ-1209","IAQ-1775","IAQ-1483","IAQ-1783","IAQ-1669","YJD-0210","YJD-0025",NA,NA
"y1_d064_IAQ_YJD","YJD","IAQ",40,138,"bottom","IAQ-1959","IAQ-1373","IAQ-2453","IAQ-1216","IAQ-1209","IAQ-1775","IAQ-1483","IAQ-1783","IAQ-1669","YJD-0210","YJD-0025",NA,NA
"y1_d064_IAQ_YJD","YJD","IAQ",40,139,"bottom","IAQ-1959","IAQ-1373","IAQ-2453","IAQ-1216","IAQ-1209","IAQ-1775","IAQ-1483","IAQ-1783","IAQ-1669","YJD-0210","YJD-0025",NA,NA
"y1_d064_IAQ_YJD","YJD","IAQ",40,140,"bottom","IAQ-1959","IAQ-1373","IAQ-2453","IAQ-1216","IAQ-1209","IAQ-1775","IAQ-1483","IAQ-1783","IAQ-1669","YJD-0210","YJD-0025",NA,NA
"y1_d064_IAQ_YJD","YJD","IAQ",40,141,"bottom","IAQ-1959","IAQ-1373","IAQ-2453","IAQ-1216","IAQ-1209","IAQ-1775","IAQ-1483","IAQ-1783","IAQ-1669","YJD-0373","YJD-0210","YJD-0025",NA
"y1_d064_IAQ_YJD","YJD","IAQ",40,142,"bottom","IAQ-1959","IAQ-1373","IAQ-2453","IAQ-1216","IAQ-1209","IAQ-1775","IAQ-1483","IAQ-1783","IAQ-1669","YJD-0373","YJD-0210","YJD-0025",NA
"y1_d064_IAQ_YJD","YJD","IAQ",40,143,"bottom","IAQ-1959","IAQ-1373","IAQ-2453","IAQ-1216","IAQ-1209","IAQ-1775","IAQ-1483","IAQ-1783","IAQ-1669","YJD-0373","YJD-0210","YJD-0025",NA
"y1_d064_IAQ_YJD","YJD","IAQ",41,144,"bottom","IAQ-1959","IAQ-1373","IAQ-2453","IAQ-1216","IAQ-1209","IAQ-1775","IAQ-1483","IAQ-1783","IAQ-1669","YJD-0373","YJD-0210","YJD-0025",NA
"y1_d064_IAQ_YJD","YJD","IAQ",41,145,"bottom","IAQ-1959","IAQ-1373","IAQ-2453","IAQ-1216","IAQ-1209","IAQ-1775","IAQ-1483","IAQ-1783","IAQ-1669","YJD-0373","YJD-0210","YJD-0025",NA
"y1_d064_IAQ_YJD","YJD","IAQ",41,146,"bottom","IAQ-1959","IAQ-1373","IAQ-2453","IAQ-1216","IAQ-1209","IAQ-1775","IAQ-1483","IAQ-1783","IAQ-1669","YJD-0373","YJD-0210","YJD-0025",NA
"y1_d064_IAQ_YJD","YJD","IAQ",42,147,"bottom","IAQ-1959","IAQ-1373","IAQ-2453","IAQ-1216","IAQ-1209","IAQ-1775","IAQ-1483","IAQ-1783","IAQ-1669","YJD-0340","YJD-0373","YJD-0210","YJD-0025"
"y1_d064_IAQ_YJD","YJD","IAQ",42,148,"bottom","IAQ-1959","IAQ-1373","IAQ-2453","IAQ-1216","IAQ-1209","IAQ-1775","IAQ-1483","IAQ-1783","IAQ-1669","YJD-0340","YJD-0373","YJD-0210","YJD-0025"
"y1_d064_IAQ_YJD","YJD","IAQ",43,149,"bottom","IAQ-1959","IAQ-1373","IAQ-2453","IAQ-1216","IAQ-1209","IAQ-1775","IAQ-1483","IAQ-1783","IAQ-1669","YJD-0340","YJD-0373","YJD-0210","YJD-0025"
"y1_d064_IAQ_YJD","YJD","IAQ",43,150,"bottom","IAQ-1959","IAQ-1373","IAQ-2453","IAQ-1216","IAQ-1209","IAQ-1775","IAQ-1483","IAQ-1783","IAQ-1669","YJD-0193","YJD-0340","YJD-0373",NA
"y1_d064_IAQ_YJD","YJD","IAQ",44,151,"bottom","IAQ-1959","IAQ-1373","IAQ-2453","IAQ-1216","IAQ-1209","IAQ-1775","IAQ-1483","IAQ-1783","IAQ-1669","YJD-0193","YJD-0340","YJD-0373",NA
"y1_d064_IAQ_YJD","YJD","IAQ",44,152,"bottom","IAQ-1959","IAQ-1373","IAQ-2453","IAQ-1216","IAQ-1209","IAQ-1775","IAQ-1483","IAQ-1783","IAQ-1669","YJD-0172","YJD-0340","YJD-0373",NA
"y1_d064_IAQ_YJD","YJD","IAQ",44,153,"bottom","IAQ-1959","IAQ-1373","IAQ-2453","IAQ-1216","IAQ-1209","IAQ-1775","IAQ-1483","IAQ-1783","IAQ-1669","YJD-0172","YJD-0340","YJD-0373",NA
"y1_d064_IAQ_YJD","YJD","IAQ",44,154,"bottom","IAQ-1959","IAQ-1373","IAQ-2453","IAQ-1216","IAQ-1209","IAQ-1775","IAQ-1483","IAQ-1783","IAQ-1669","YJD-0185",NA,NA,NA
"y1_d064_IAQ_YJD","YJD","IAQ",44,155,"bottom","IAQ-1959","IAQ-1373","IAQ-2453","IAQ-1216","IAQ-1209","IAQ-1775","IAQ-1483","IAQ-1783","IAQ-1669","YJD-0185",NA,NA,NA
"y1_d064_IAQ_YJD","YJD","IAQ",45,156,"bottom","IAQ-1959","IAQ-1373","IAQ-2453","IAQ-1216","IAQ-1209","IAQ-1775","IAQ-1483","IAQ-1783","IAQ-1669","YJD-0185",NA,NA,NA
"y1_d064_IAQ_YJD","YJD","IAQ",45,157,"bottom","IAQ-1959","IAQ-1373","IAQ-2453","IAQ-1216","IAQ-1209","IAQ-1775","IAQ-1483","IAQ-1783","IAQ-1669","YJD-0185",NA,NA,NA
"y1_d064_IAQ_YJD","YJD","IAQ",45,158,"bottom","IAQ-1959","IAQ-1373","IAQ-2453","IAQ-1216","IAQ-1209","IAQ-1775","IAQ-1483","IAQ-1783","IAQ-1669","YJD-0185",NA,NA,NA
"y1_d064_IAQ_YJD","YJD","IAQ",45,159,"bottom","IAQ-1959","IAQ-1373","IAQ-2453","IAQ-1216","IAQ-1209","IAQ-1775","IAQ-1483","IAQ-1783","IAQ-1669","YJD-0020","YJD-0185",NA,NA
"y1_d064_IAQ_YJD","YJD","IAQ",46,160,"bottom","IAQ-1959","IAQ-1373","IAQ-2453","IAQ-1216","IAQ-1209","IAQ-1775","IAQ-1483","IAQ-1783","IAQ-1669","YJD-0020","YJD-0185",NA,NA
"y1_d064_IAQ_YJD","YJD","IAQ",46,161,"bottom","IAQ-1959","IAQ-1373","IAQ-2453","IAQ-1216","IAQ-1209","IAQ-1775","IAQ-1483","IAQ-1783","IAQ-1669","YJD-0020","YJD-0185",NA,NA
"y1_d064_IAQ_YJD","YJD","IAQ",46,162,"bottom","IAQ-1959","IAQ-1373","IAQ-2453","IAQ-1216","IAQ-1209","IAQ-1775","IAQ-1483","IAQ-1783","IAQ-1669","YJD-0020","YJD-0185",NA,NA
"y1_d064_IAQ_YJD","YJD","IAQ",46,163,"top","YJD-0273","YJD-0020","YJD-0373","YJD-0025","YJD-0345","YJD-0172","YJD-0340","YJD-0193","YJD-0185","IAQ-1216",NA,NA,NA
"y1_d064_IAQ_YJD","YJD","IAQ",46,164,"top","YJD-0273","YJD-0020","YJD-0373","YJD-0025","YJD-0345","YJD-0172","YJD-0340","YJD-0193","YJD-0185","IAQ-1216",NA,NA,NA
"y1_d064_IAQ_YJD","YJD","IAQ",46,165,"top","YJD-0273","YJD-0020","YJD-0373","YJD-0025","YJD-0345","YJD-0172","YJD-0340","YJD-0193","YJD-0185","IAQ-1216",NA,NA,NA
"y1_d064_IAQ_YJD","YJD","IAQ",46,166,"top","YJD-0273","YJD-0020","YJD-0373","YJD-0025","YJD-0345","YJD-0172","YJD-0340","YJD-0193","YJD-0185","IAQ-1216",NA,NA,NA
"y1_d064_IAQ_YJD","YJD","IAQ",46,167,"top","YJD-0273","YJD-0020","YJD-0373","YJD-0025","YJD-0345","YJD-0172","YJD-0340","YJD-0193","YJD-0185","IAQ-1216",NA,NA,NA
"y1_d064_IAQ_YJD","YJD","IAQ",47,168,"top","YJD-0273","YJD-0020","YJD-0373","YJD-0025","YJD-0345","YJD-0172","YJD-0340","YJD-0193","YJD-0185","IAQ-1216",NA,NA,NA
"y1_d064_IAQ_YJD","YJD","IAQ",47,169,"top","YJD-0273","YJD-0020","YJD-0373","YJD-0025","YJD-0345","YJD-0172","YJD-0340","YJD-0193","YJD-0185","IAQ-1216",NA,NA,NA
"y1_d064_IAQ_YJD","YJD","IAQ",47,170,"top","YJD-0273","YJD-0020","YJD-0373","YJD-0025","YJD-0345","YJD-0172","YJD-0340","YJD-0193","YJD-0185","IAQ-1216",NA,NA,NA
"y1_d064_IAQ_YJD","YJD","IAQ",47,171,"top","YJD-0273","YJD-0020","YJD-0373","YJD-0025","YJD-0345","YJD-0172","YJD-0340","YJD-0193","YJD-0185","IAQ-1483",NA,NA,NA
"y1_d064_IAQ_YJD","YJD","IAQ",48,172,"top","YJD-0273","YJD-0020","YJD-0373","YJD-0025","YJD-0345","YJD-0172","YJD-0340","YJD-0193","YJD-0185","IAQ-1483",NA,NA,NA
"y1_d064_IAQ_YJD","YJD","IAQ",49,173,"top","YJD-0273","YJD-0020","YJD-0373","YJD-0025","YJD-0345","YJD-0172","YJD-0340","YJD-0193","YJD-0185","IAQ-1483",NA,NA,NA
"y1_d064_IAQ_YJD","YJD","IAQ",49,174,"top","YJD-0273","YJD-0020","YJD-0373","YJD-0025","YJD-0345","YJD-0172","YJD-0340","YJD-0193","YJD-0185","IAQ-1483",NA,NA,NA
"y1_d064_IAQ_YJD","YJD","IAQ",50,175,"top","YJD-0273","YJD-0020","YJD-0373","YJD-0025","YJD-0345","YJD-0172","YJD-0340","YJD-0193","YJD-0185","IAQ-1358",NA,NA,NA
"y1_d064_IAQ_YJD","YJD","IAQ",50,176,"top","YJD-0273","YJD-0020","YJD-0373","YJD-0025","YJD-0345","YJD-0172","YJD-0340","YJD-0193","YJD-0185","IAQ-1669","IAQ-1358",NA,NA
"y1_d064_IAQ_YJD","YJD","IAQ",50,177,"top","YJD-0273","YJD-0020","YJD-0373","YJD-0025","YJD-0345","YJD-0172","YJD-0340","YJD-0193","YJD-0185","IAQ-1669","IAQ-1358",NA,NA
"y1_d064_IAQ_YJD","YJD","IAQ",50,178,"bottom","IAQ-1959","IAQ-1373","IAQ-2453","IAQ-1216","IAQ-1209","IAQ-1775","IAQ-1483","IAQ-1783","IAQ-1669","YJD-0345",NA,NA,NA
"y1_d064_IAQ_YJD","YJD","IAQ",50,179,"bottom","IAQ-1959","IAQ-1373","IAQ-2453","IAQ-1216","IAQ-1209","IAQ-1775","IAQ-1483","IAQ-1783","IAQ-1669","YJD-0345",NA,NA,NA
"y1_d064_IAQ_YJD","YJD","IAQ",50,180,"bottom","IAQ-1959","IAQ-1373","IAQ-2453","IAQ-1216","IAQ-1209","IAQ-1775","IAQ-1483","IAQ-1783","IAQ-1669","YJD-0345",NA,NA,NA
"y1_d064_IAQ_YJD","YJD","IAQ",50,181,"bottom","IAQ-1959","IAQ-1373","IAQ-2453","IAQ-1216","IAQ-1209","IAQ-1775","IAQ-1483","IAQ-1783","IAQ-1669","YJD-0345",NA,NA,NA
"y1_d064_IAQ_YJD","YJD","IAQ",51,182,"bottom","IAQ-1959","IAQ-1373","IAQ-2453","IAQ-1216","IAQ-1209","IAQ-1775","IAQ-1483","IAQ-1783","IAQ-1669","YJD-0345",NA,NA,NA
"y1_d064_IAQ_YJD","YJD","IAQ",52,183,"bottom","IAQ-1959","IAQ-1373","IAQ-2453","IAQ-1216","IAQ-1209","IAQ-1775","IAQ-1483","IAQ-1783","IAQ-1669","YJD-0345",NA,NA,NA
"y1_d064_IAQ_YJD","YJD","IAQ",52,184,"bottom","IAQ-1959","IAQ-1373","IAQ-2453","IAQ-1216","IAQ-1209","IAQ-1775","IAQ-1483","IAQ-1783","IAQ-1669","YJD-0345",NA,NA,NA
"y1_d064_IAQ_YJD","YJD","IAQ",52,185,"bottom","IAQ-1959","IAQ-1373","IAQ-2453","IAQ-1216","IAQ-1209","IAQ-1775","IAQ-1483","IAQ-1783","IAQ-1669","YJD-0025",NA,NA,NA
"y1_d064_IAQ_YJD","YJD","IAQ",52,186,"bottom","IAQ-1959","IAQ-1373","IAQ-2453","IAQ-1216","IAQ-1209","IAQ-1775","IAQ-1483","IAQ-1783","IAQ-1669","YJD-0210","YJD-0025",NA,NA
"y1_d064_IAQ_YJD","YJD","IAQ",52,187,"bottom","IAQ-1959","IAQ-1373","IAQ-2453","IAQ-1216","IAQ-1209","IAQ-1775","IAQ-1483","IAQ-1783","IAQ-1669","YJD-0210","YJD-0025",NA,NA
"y1_d064_IAQ_YJD","YJD","IAQ",52,188,"bottom","IAQ-1959","IAQ-1373","IAQ-2453","IAQ-1216","IAQ-1209","IAQ-1775","IAQ-1483","IAQ-1783","IAQ-1669","YJD-0210","YJD-0025",NA,NA
"y1_d064_IAQ_YJD","YJD","IAQ",52,189,"bottom","IAQ-1959","IAQ-1373","IAQ-2453","IAQ-1216","IAQ-1209","IAQ-1775","IAQ-1483","IAQ-1783","IAQ-1669","YJD-0210","YJD-0025",NA,NA
"y1_d064_IAQ_YJD","YJD","IAQ",53,190,"bottom","IAQ-1959","IAQ-1373","IAQ-2453","IAQ-1216","IAQ-1209","IAQ-1775","IAQ-1483","IAQ-1783","IAQ-1669","YJD-0210","YJD-0025",NA,NA
"y1_d064_IAQ_YJD","YJD","IAQ",54,191,"bottom","IAQ-1959","IAQ-1373","IAQ-2453","IAQ-1216","IAQ-1209","IAQ-1775","IAQ-1483","IAQ-1783","IAQ-1669","YJD-0210","YJD-0025",NA,NA
"y1_d064_IAQ_YJD","YJD","IAQ",54,192,"bottom","IAQ-1959","IAQ-1373","IAQ-2453","IAQ-1216","IAQ-1209","IAQ-1775","IAQ-1483","IAQ-1783","IAQ-1669","YJD-0210","YJD-0025",NA,NA
"y1_d064_IAQ_YJD","YJD","IAQ",54,193,"bottom","IAQ-1959","IAQ-1373","IAQ-2453","IAQ-1216","IAQ-1209","IAQ-1775","IAQ-1483","IAQ-1783","IAQ-1669","YJD-0373","YJD-0025",NA,NA
"y1_d064_IAQ_YJD","YJD","IAQ",54,194,"bottom","IAQ-1959","IAQ-1373","IAQ-2453","IAQ-1216","IAQ-1209","IAQ-1775","IAQ-1483","IAQ-1783","IAQ-1669","YJD-0340","YJD-0025",NA,NA
"y1_d064_IAQ_YJD","YJD","IAQ",54,195,"bottom","IAQ-1959","IAQ-1373","IAQ-2453","IAQ-1216","IAQ-1209","IAQ-1775","IAQ-1483","IAQ-1783","IAQ-1669","YJD-0340","YJD-0025",NA,NA
"y1_d064_IAQ_YJD","YJD","IAQ",55,196,"bottom","IAQ-1959","IAQ-1373","IAQ-2453","IAQ-1216","IAQ-1209","IAQ-1775","IAQ-1483","IAQ-1783","IAQ-1669","YJD-0340","YJD-0025",NA,NA
"y1_d064_IAQ_YJD","YJD","IAQ",55,197,"bottom","IAQ-1959","IAQ-1373","IAQ-2453","IAQ-1216","IAQ-1209","IAQ-1775","IAQ-1483","IAQ-1783","IAQ-1669","YJD-0340","YJD-0025",NA,NA
"y1_d064_IAQ_YJD","YJD","IAQ",55,198,"bottom","IAQ-1959","IAQ-1373","IAQ-2453","IAQ-1216","IAQ-1209","IAQ-1775","IAQ-1483","IAQ-1783","IAQ-1669","YJD-0340","YJD-0025",NA,NA
"y1_d064_IAQ_YJD","YJD","IAQ",55,199,"top","YJD-0273","YJD-0020","YJD-0373","YJD-0025","YJD-0345","YJD-0172","YJD-0340","YJD-0193","YJD-0185","IAQ-2453",NA,NA,NA
"y1_d064_IAQ_YJD","YJD","IAQ",56,200,"top","YJD-0273","YJD-0020","YJD-0373","YJD-0025","YJD-0345","YJD-0172","YJD-0340","YJD-0193","YJD-0185","IAQ-2453",NA,NA,NA
"y1_d064_IAQ_YJD","YJD","IAQ",56,201,"top","YJD-0273","YJD-0020","YJD-0373","YJD-0025","YJD-0345","YJD-0172","YJD-0340","YJD-0193","YJD-0185","IAQ-2453",NA,NA,NA
"y1_d064_IAQ_YJD","YJD","IAQ",56,202,"top","YJD-0273","YJD-0020","YJD-0373","YJD-0025","YJD-0345","YJD-0172","YJD-0340","YJD-0193","YJD-0185","IAQ-2453",NA,NA,NA
"y1_d064_IAQ_YJD","YJD","IAQ",57,203,"top","YJD-0273","YJD-0020","YJD-0373","YJD-0025","YJD-0345","YJD-0172","YJD-0340","YJD-0193","YJD-0185","IAQ-1373",NA,NA,NA
"y1_d064_IAQ_YJD","YJD","IAQ",57,204,"top","YJD-0273","YJD-0020","YJD-0373","YJD-0025","YJD-0345","YJD-0172","YJD-0340","YJD-0193","YJD-0185","IAQ-1373",NA,NA,NA
"y1_d064_IAQ_YJD","YJD","IAQ",57,205,"top","YJD-0273","YJD-0020","YJD-0373","YJD-0025","YJD-0345","YJD-0172","YJD-0340","YJD-0193","YJD-0185","IAQ-1373",NA,NA,NA
"y1_d064_IAQ_YJD","YJD","IAQ",57,206,"top","YJD-0273","YJD-0020","YJD-0373","YJD-0025","YJD-0345","YJD-0172","YJD-0340","YJD-0193","YJD-0185","IAQ-1783",NA,NA,NA
"y1_d064_IAQ_YJD","YJD","IAQ",57,207,"top","YJD-0273","YJD-0020","YJD-0373","YJD-0025","YJD-0345","YJD-0172","YJD-0340","YJD-0193","YJD-0185","IAQ-1783",NA,NA,NA
"y1_d064_IAQ_YJD","YJD","IAQ",58,208,"top","YJD-0273","YJD-0020","YJD-0373","YJD-0025","YJD-0345","YJD-0172","YJD-0340","YJD-0193","YJD-0185","IAQ-1783",NA,NA,NA
"y1_d064_IAQ_YJD","YJD","IAQ",58,209,"top","YJD-0273","YJD-0020","YJD-0373","YJD-0025","YJD-0345","YJD-0172","YJD-0340","YJD-0193","YJD-0185","IAQ-1783",NA,NA,NA
"y1_d064_IAQ_YJD","YJD","IAQ",58,210,"top","YJD-0273","YJD-0020","YJD-0373","YJD-0025","YJD-0345","YJD-0172","YJD-0340","YJD-0193","YJD-0185","IAQ-1783",NA,NA,NA
"y1_d064_IAQ_YJD","YJD","IAQ",58,211,"bottom","IAQ-2205","IAQ-1373","IAQ-2453","IAQ-1216","IAQ-1209","IAQ-1775","IAQ-1483","IAQ-1783","IAQ-1669","YJD-0193",NA,NA,NA
"y1_d064_IAQ_YJD","YJD","IAQ",58,212,"bottom","IAQ-2205","IAQ-1373","IAQ-2453","IAQ-1216","IAQ-1209","IAQ-1775","IAQ-1483","IAQ-1783","IAQ-1669","YJD-0193",NA,NA,NA
"y1_d064_IAQ_YJD","YJD","IAQ",59,213,"bottom","IAQ-2205","IAQ-1373","IAQ-2453","IAQ-1216","IAQ-1209","IAQ-1775","IAQ-1483","IAQ-1783","IAQ-1669","YJD-0193",NA,NA,NA
"y1_d064_IAQ_YJD","YJD","IAQ",59,214,"bottom","IAQ-2205","IAQ-1373","IAQ-2453","IAQ-1216","IAQ-1209","IAQ-1775","IAQ-1483","IAQ-1783","IAQ-1669","YJD-0193",NA,NA,NA
"y1_d064_IAQ_YJD","YJD","IAQ",59,215,"bottom","IAQ-2205","IAQ-1373","IAQ-2453","IAQ-1216","IAQ-1209","IAQ-1775","IAQ-1483","IAQ-1783","IAQ-1669","YJD-0193",NA,NA,NA
"y1_d064_IAQ_YJD","YJD","IAQ",60,216,"bottom","IAQ-2205","IAQ-1373","IAQ-2453","IAQ-1216","IAQ-1209","IAQ-1775","IAQ-1483","IAQ-1783","IAQ-1669","YJD-0172",NA,NA,NA
"y1_d064_IAQ_YJD","YJD","IAQ",60,217,"bottom","IAQ-2205","IAQ-1373","IAQ-2453","IAQ-1216","IAQ-1209","IAQ-1775","IAQ-1483","IAQ-1783","IAQ-1669","YJD-0172",NA,NA,NA
"y1_d064_IAQ_YJD","YJD","IAQ",60,218,"bottom","IAQ-2205","IAQ-1373","IAQ-2453","IAQ-1216","IAQ-1209","IAQ-1775","IAQ-1483","IAQ-1783","IAQ-1669","YJD-0172",NA,NA,NA
"y1_d064_IAQ_YJD","YJD","IAQ",60,219,"bottom","IAQ-2205","IAQ-1373","IAQ-2453","IAQ-1216","IAQ-1209","IAQ-1775","IAQ-1483","IAQ-1783","IAQ-1669","YJD-0185",NA,NA,NA
"y1_d064_IAQ_YJD","YJD","IAQ",60,220,"bottom","IAQ-2205","IAQ-1373","IAQ-2453","IAQ-1216","IAQ-1209","IAQ-1775","IAQ-1483","IAQ-1783","IAQ-1669","YJD-0185",NA,NA,NA
"y1_d064_IAQ_YJD","YJD","IAQ",61,221,"bottom","IAQ-2205","IAQ-1373","IAQ-2453","IAQ-1216","IAQ-1209","IAQ-1775","IAQ-1483","IAQ-1783","IAQ-1669","YJD-0185",NA,NA,NA
"y1_d064_IAQ_YJD","YJD","IAQ",62,222,"bottom","IAQ-2205","IAQ-1373","IAQ-2453","IAQ-1216","IAQ-1209","IAQ-1775","IAQ-1483","IAQ-1783","IAQ-1669","YJD-0185",NA,NA,NA
"y1_d064_IAQ_YJD","YJD","IAQ",62,223,"bottom","IAQ-2205","IAQ-1373","IAQ-2453","IAQ-1216","IAQ-1209","IAQ-1775","IAQ-1483","IAQ-1783","IAQ-1669","YJD-0185",NA,NA,NA
"y1_d064_IAQ_YJD","YJD","IAQ",62,224,"bottom","IAQ-2205","IAQ-1373","IAQ-2453","IAQ-1216","IAQ-1209","IAQ-1775","IAQ-1483","IAQ-1783","IAQ-1669","YJD-0020","YJD-0185",NA,NA
"y1_d064_IAQ_YJD","YJD","IAQ",63,225,"bottom","IAQ-2205","IAQ-1373","IAQ-2453","IAQ-1216","IAQ-1209","IAQ-1775","IAQ-1483","IAQ-1783","IAQ-1669","YJD-0345",NA,NA,NA
"y1_d064_IAQ_YJD","YJD","IAQ",63,226,"bottom","IAQ-2205","IAQ-1373","IAQ-2453","IAQ-1216","IAQ-1209","IAQ-1775","IAQ-1483","IAQ-1783","IAQ-1669","YJD-0345",NA,NA,NA
"y1_d064_IAQ_YJD","YJD","IAQ",63,227,"bottom","IAQ-2205","IAQ-1373","IAQ-2453","IAQ-1216","IAQ-1209","IAQ-1775","IAQ-1483","IAQ-1783","IAQ-1669","YJD-0345",NA,NA,NA
"y1_d064_IAQ_YJD","YJD","IAQ",64,228,"top","YJD-0273","YJD-0020","YJD-0373","YJD-0025","YJD-0345","YJD-0172","YJD-0340","YJD-0193","YJD-0185","IAQ-1209",NA,NA,NA
"y1_d064_IAQ_YJD","YJD","IAQ",64,229,"top","YJD-0273","YJD-0020","YJD-0373","YJD-0025","YJD-0345","YJD-0172","YJD-0340","YJD-0193","YJD-0185","IAQ-1209",NA,NA,NA
"y1_d064_IAQ_YJD","YJD","IAQ",65,230,"top","YJD-0273","YJD-0020","YJD-0373","YJD-0025","YJD-0345","YJD-0172","YJD-0340","YJD-0193","YJD-0185","IAQ-1209",NA,NA,NA
"y1_d064_IAQ_YJD","YJD","IAQ",65,231,"top","YJD-0273","YJD-0020","YJD-0373","YJD-0025","YJD-0345","YJD-0172","YJD-0340","YJD-0193","YJD-0185","IAQ-1775",NA,NA,NA
"y1_d064_IAQ_YJD","YJD","IAQ",65,232,"top","YJD-0273","YJD-0020","YJD-0373","YJD-0025","YJD-0345","YJD-0172","YJD-0340","YJD-0193","YJD-0185","IAQ-1775",NA,NA,NA
"y1_d064_IAQ_YJD","YJD","IAQ",65,233,"top","YJD-0273","YJD-0020","YJD-0373","YJD-0025","YJD-0345","YJD-0172","YJD-0340","YJD-0193","YJD-0185","IAQ-1216",NA,NA,NA
"y1_d064_IAQ_YJD","YJD","IAQ",65,234,"top","YJD-0273","YJD-0020","YJD-0373","YJD-0025","YJD-0345","YJD-0172","YJD-0340","YJD-0193","YJD-0185","IAQ-1216",NA,NA,NA
"y1_d064_IAQ_YJD","YJD","IAQ",66,235,"top","YJD-0273","YJD-0020","YJD-0373","YJD-0025","YJD-0345","YJD-0172","YJD-0340","YJD-0193","YJD-0185","IAQ-1216",NA,NA,NA
"y1_d064_IAQ_YJD","YJD","IAQ",66,236,"top","YJD-0273","YJD-0020","YJD-0373","YJD-0025","YJD-0345","YJD-0172","YJD-0340","YJD-0193","YJD-0185","IAQ-1216",NA,NA,NA
"y1_d064_IAQ_YJD","YJD","IAQ",66,237,"top","YJD-0273","YJD-0020","YJD-0373","YJD-0025","YJD-0345","YJD-0172","YJD-0340","YJD-0193","YJD-0185","IAQ-1216",NA,NA,NA
"y1_d064_IAQ_YJD","YJD","IAQ",67,238,"bottom","IAQ-2205","IAQ-1373","IAQ-2453","IAQ-1216","IAQ-1209","IAQ-1775","IAQ-1483","IAQ-1783","IAQ-1669","YJD-0025",NA,NA,NA
"y1_d064_IAQ_YJD","YJD","IAQ",67,239,"bottom","IAQ-2205","IAQ-1373","IAQ-2453","IAQ-1216","IAQ-1209","IAQ-1775","IAQ-1483","IAQ-1783","IAQ-1669","YJD-0025",NA,NA,NA
"y1_d064_IAQ_YJD","YJD","IAQ",67,240,"bottom","IAQ-2205","IAQ-1373","IAQ-2453","IAQ-1216","IAQ-1209","IAQ-1775","IAQ-1483","IAQ-1783","IAQ-1669","YJD-0025",NA,NA,NA
"y1_d064_IAQ_YJD","YJD","IAQ",67,241,"bottom","IAQ-2205","IAQ-1373","IAQ-2453","IAQ-1216","IAQ-1209","IAQ-1775","IAQ-1483","IAQ-1783","IAQ-1669","YJD-0210",NA,NA,NA
"y1_d064_IAQ_YJD","YJD","IAQ",67,242,"bottom","IAQ-2205","IAQ-1373","IAQ-2453","IAQ-1216","IAQ-1209","IAQ-1775","IAQ-1483","IAQ-1783","IAQ-1669","YJD-0210",NA,NA,NA
"y1_d064_IAQ_YJD","YJD","IAQ",67,243,"bottom","IAQ-2205","IAQ-1373","IAQ-2453","IAQ-1216","IAQ-1209","IAQ-1775","IAQ-1483","IAQ-1783","IAQ-1669","YJD-0210",NA,NA,NA
"y1_d064_IAQ_YJD","YJD","IAQ",67,244,"bottom","IAQ-2205","IAQ-1373","IAQ-2453","IAQ-1216","IAQ-1209","IAQ-1775","IAQ-1483","IAQ-1783","IAQ-1669","YJD-0210",NA,NA,NA
"y1_d064_IAQ_YJD","YJD","IAQ",68,245,"bottom","IAQ-2205","IAQ-1373","IAQ-2453","IAQ-1216","IAQ-1209","IAQ-1775","IAQ-1483","IAQ-1783","IAQ-1669","YJD-0210",NA,NA,NA
"y1_d064_IAQ_YJD","YJD","IAQ",68,246,"bottom","IAQ-2205","IAQ-1373","IAQ-2453","IAQ-1216","IAQ-1209","IAQ-1775","IAQ-1483","IAQ-1783","IAQ-1669","YJD-0210",NA,NA,NA
"y1_d064_IAQ_YJD","YJD","IAQ",68,247,"bottom","IAQ-2205","IAQ-1373","IAQ-2453","IAQ-1216","IAQ-1209","IAQ-1775","IAQ-1483","IAQ-1783","IAQ-1669","YJD-0210",NA,NA,NA
"y1_d064_IAQ_YJD","YJD","IAQ",69,248,"bottom","IAQ-2205","IAQ-1373","IAQ-2453","IAQ-1216","IAQ-1209","IAQ-1775","IAQ-1483","IAQ-1783","IAQ-1669","YJD-0373",NA,NA,NA
"y1_d064_IAQ_YJD","YJD","IAQ",69,249,"bottom","IAQ-2205","IAQ-1373","IAQ-2453","IAQ-1216","IAQ-1209","IAQ-1775","IAQ-1483","IAQ-1783","IAQ-1669","YJD-0373",NA,NA,NA
"y1_d064_IAQ_YJD","YJD","IAQ",69,250,"bottom","IAQ-2205","IAQ-1373","IAQ-2453","IAQ-1216","IAQ-1209","IAQ-1775","IAQ-1483","IAQ-1783","IAQ-1669","YJD-0373",NA,NA,NA
"y1_d064_IAQ_YJD","YJD","IAQ",69,251,"top","YJD-0382","YJD-0020","YJD-0373","YJD-0025","YJD-0345","YJD-0172","YJD-0340","YJD-0193","YJD-0185","IAQ-1483",NA,NA,NA
"y1_d064_IAQ_YJD","YJD","IAQ",69,252,"top","YJD-0382","YJD-0020","YJD-0373","YJD-0025","YJD-0345","YJD-0172","YJD-0340","YJD-0193","YJD-0185","IAQ-1483",NA,NA,NA
"y1_d064_IAQ_YJD","YJD","IAQ",69,253,"top","YJD-0382","YJD-0020","YJD-0373","YJD-0025","YJD-0345","YJD-0172","YJD-0340","YJD-0193","YJD-0185","IAQ-1483",NA,NA,NA
"y1_d064_IAQ_YJD","YJD","IAQ",70,254,"top","YJD-0382","YJD-0020","YJD-0373","YJD-0025","YJD-0345","YJD-0172","YJD-0340","YJD-0193","YJD-0185","IAQ-1483",NA,NA,NA
"y1_d064_IAQ_YJD","YJD","IAQ",70,255,"top","YJD-0382","YJD-0020","YJD-0373","YJD-0025","YJD-0345","YJD-0172","YJD-0340","YJD-0193","YJD-0185","IAQ-1483",NA,NA,NA
"y1_d064_IAQ_YJD","YJD","IAQ",70,256,"top","YJD-0382","YJD-0020","YJD-0373","YJD-0025","YJD-0345","YJD-0172","YJD-0340","YJD-0193","YJD-0185","IAQ-1483",NA,NA,NA
"y1_d064_IAQ_YJD","YJD","IAQ",70,257,"top","YJD-0382","YJD-0020","YJD-0373","YJD-0025","YJD-0345","YJD-0172","YJD-0340","YJD-0193","YJD-0185","IAQ-1358",NA,NA,NA
"y1_d064_IAQ_YJD","YJD","IAQ",70,258,"top","YJD-0382","YJD-0020","YJD-0373","YJD-0025","YJD-0345","YJD-0172","YJD-0340","YJD-0193","YJD-0185","IAQ-1358",NA,NA,NA
"y1_d064_IAQ_YJD","YJD","IAQ",71,259,"top","YJD-0382","YJD-0020","YJD-0373","YJD-0025","YJD-0345","YJD-0172","YJD-0340","YJD-0193","YJD-0185","IAQ-1358",NA,NA,NA
"y1_d064_IAQ_YJD","YJD","IAQ",71,260,"top","YJD-0382","YJD-0020","YJD-0373","YJD-0025","YJD-0345","YJD-0172","YJD-0340","YJD-0193","YJD-0185","IAQ-1358",NA,NA,NA
"y1_d064_IAQ_YJD","YJD","IAQ",71,261,"top","YJD-0382","YJD-0020","YJD-0373","YJD-0025","YJD-0345","YJD-0172","YJD-0340","YJD-0193","YJD-0185","IAQ-1358",NA,NA,NA
"y1_d064_IAQ_YJD","YJD","IAQ",71,262,"top","YJD-0382","YJD-0020","YJD-0373","YJD-0025","YJD-0345","YJD-0172","YJD-0340","YJD-0193","YJD-0185","IAQ-1669",NA,NA,NA
"y1_d064_IAQ_YJD","YJD","IAQ",71,263,"top","YJD-0382","YJD-0020","YJD-0373","YJD-0025","YJD-0345","YJD-0172","YJD-0340","YJD-0193","YJD-0185","IAQ-1669",NA,NA,NA
"y1_d064_IAQ_YJD","YJD","IAQ",72,264,"top","YJD-0382","YJD-0020","YJD-0373","YJD-0025","YJD-0345","YJD-0172","YJD-0340","YJD-0193","YJD-0185","IAQ-1669",NA,NA,NA
"y1_d064_IAQ_YJD","YJD","IAQ",72,265,"top","YJD-0382","YJD-0020","YJD-0373","YJD-0025","YJD-0345","YJD-0172","YJD-0340","YJD-0193","YJD-0185","IAQ-1669",NA,NA,NA
"y1_d064_IAQ_YJD","YJD","IAQ",72,266,"top","YJD-0382","YJD-0020","YJD-0373","YJD-0025","YJD-0345","YJD-0172","YJD-0340","YJD-0193","YJD-0185","IAQ-1669",NA,NA,NA
"y1_d064_IAQ_YJD","YJD","IAQ",73,267,"bottom","IAQ-1676","IAQ-1373","IAQ-2453","IAQ-1216","IAQ-1209","IAQ-1775","IAQ-1483","IAQ-1783","IAQ-1669","YJD-0340",NA,NA,NA
"y1_d064_IAQ_YJD","YJD","IAQ",73,268,"bottom","IAQ-1676","IAQ-1373","IAQ-2453","IAQ-1216","IAQ-1209","IAQ-1775","IAQ-1483","IAQ-1783","IAQ-1669","YJD-0340",NA,NA,NA
"y1_d064_IAQ_YJD","YJD","IAQ",73,269,"bottom","IAQ-1676","IAQ-1373","IAQ-2453","IAQ-1216","IAQ-1209","IAQ-1775","IAQ-1483","IAQ-1783","IAQ-1669","YJD-0340",NA,NA,NA
"y1_d064_IAQ_YJD","YJD","IAQ",74,270,"bottom","IAQ-1676","IAQ-1373","IAQ-2453","IAQ-1216","IAQ-1209","IAQ-1775","IAQ-1483","IAQ-1783","IAQ-1669","YJD-0193",NA,"YJD-0340",NA
"y1_d064_IAQ_YJD","YJD","IAQ",74,271,"bottom","IAQ-1676","IAQ-1373","IAQ-2453","IAQ-1216","IAQ-1209","IAQ-1775","IAQ-1483","IAQ-1783","IAQ-1669","YJD-0193",NA,"YJD-0340",NA
"y1_d064_IAQ_YJD","YJD","IAQ",74,272,"bottom","IAQ-1676","IAQ-1373","IAQ-2453","IAQ-1216","IAQ-1209","IAQ-1775","IAQ-1483","IAQ-1783","IAQ-1669","YJD-0193",NA,"YJD-0340",NA
"y1_d064_IAQ_YJD","YJD","IAQ",74,273,"bottom","IAQ-1676","IAQ-1373","IAQ-2453","IAQ-1216","IAQ-1209","IAQ-1775","IAQ-1483","IAQ-1783","IAQ-1669","YJD-0172",NA,"YJD-0340",NA
"y1_d064_IAQ_YJD","YJD","IAQ",74,274,"bottom","IAQ-1676","IAQ-1373","IAQ-2453","IAQ-1216","IAQ-1209","IAQ-1775","IAQ-1483","IAQ-1783","IAQ-1669","YJD-0172",NA,"YJD-0340",NA
"y1_d064_IAQ_YJD","YJD","IAQ",75,275,"bottom","IAQ-1676","IAQ-1373","IAQ-2453","IAQ-1216","IAQ-1209","IAQ-1775","IAQ-1483","IAQ-1783","IAQ-1669","YJD-0172",NA,"YJD-0340",NA
"y1_d064_IAQ_YJD","YJD","IAQ",75,276,"bottom","IAQ-1676","IAQ-1373","IAQ-2453","IAQ-1216","IAQ-1209","IAQ-1775","IAQ-1483","IAQ-1783","IAQ-1669","YJD-0172",NA,"YJD-0340",NA
"y1_d064_IAQ_YJD","YJD","IAQ",75,277,"bottom","IAQ-1676","IAQ-1373","IAQ-2453","IAQ-1216","IAQ-1209","IAQ-1775","IAQ-1483","IAQ-1783","IAQ-1669","YJD-0172",NA,"YJD-0340",NA
"y1_d064_IAQ_YJD","YJD","IAQ",75,278,"bottom","IAQ-1676","IAQ-1373","IAQ-2453","IAQ-1216","IAQ-1209","IAQ-1775","IAQ-1483","IAQ-1783","IAQ-1669","YJD-0185",NA,"YJD-0340",NA
"y1_d064_IAQ_YJD","YJD","IAQ",75,279,"bottom","IAQ-1676","IAQ-1373","IAQ-2453","IAQ-1216","IAQ-1209","IAQ-1775","IAQ-1483","IAQ-1783","IAQ-1669","YJD-0185",NA,"YJD-0340",NA
"y1_d064_IAQ_YJD","YJD","IAQ",75,280,"bottom","IAQ-1676","IAQ-1373","IAQ-2453","IAQ-1216","IAQ-1209","IAQ-1775","IAQ-1483","IAQ-1783","IAQ-1669","YJD-0185",NA,"YJD-0340",NA
"y1_d064_IAQ_YJD","YJD","IAQ",76,281,"bottom","IAQ-1676","IAQ-1373","IAQ-2453","IAQ-1216","IAQ-1209","IAQ-1775","IAQ-1483","IAQ-1783","IAQ-1669","YJD-0185",NA,"YJD-0340",NA
"y1_d064_IAQ_YJD","YJD","IAQ",76,282,"bottom","IAQ-1676","IAQ-1373","IAQ-2453","IAQ-1216","IAQ-1209","IAQ-1775","IAQ-1483","IAQ-1783","IAQ-1669","YJD-0185",NA,"YJD-0340",NA
"y1_d064_IAQ_YJD","YJD","IAQ",76,283,"bottom","IAQ-1676","IAQ-1373","IAQ-2453","IAQ-1216","IAQ-1209","IAQ-1775","IAQ-1483","IAQ-1783","IAQ-1669","YJD-0185",NA,"YJD-0340",NA
"y1_d064_IAQ_YJD","YJD","IAQ",76,284,"bottom","IAQ-1676","IAQ-1373","IAQ-2453","IAQ-1216","IAQ-1209","IAQ-1775","IAQ-1483","IAQ-1783","IAQ-1669","YJD-0020","YJD-0185",NA,"YJD-0340"
"y1_d064_IAQ_YJD","YJD","IAQ",76,285,"bottom","IAQ-1676","IAQ-1373","IAQ-2453","IAQ-1216","IAQ-1209","IAQ-1775","IAQ-1483","IAQ-1783","IAQ-1669","YJD-0020","YJD-0185",NA,"YJD-0340"
"y1_d064_IAQ_YJD","YJD","IAQ",77,286,"bottom","IAQ-1676","IAQ-1373","IAQ-2453","IAQ-1216","IAQ-1209","IAQ-1775","IAQ-1483","IAQ-1783","IAQ-1669","YJD-0020","YJD-0185",NA,"YJD-0340"
"y1_d064_IAQ_YJD","YJD","IAQ",77,287,"bottom","IAQ-1676","IAQ-1373","IAQ-2453","IAQ-1216","IAQ-1209","IAQ-1775","IAQ-1483","IAQ-1783","IAQ-1669","YJD-0020","YJD-0185",NA,"YJD-0340"
"y1_d064_IAQ_YJD","YJD","IAQ",77,288,"bottom","IAQ-1676","IAQ-1373","IAQ-2453","IAQ-1216","IAQ-1209","IAQ-1775","IAQ-1483","IAQ-1783","IAQ-1669","YJD-0020","YJD-0185",NA,"YJD-0340"
"y1_d064_IAQ_YJD","YJD","IAQ",77,289,"top","YJD-0157","YJD-0020","YJD-0373","YJD-0025","YJD-0345","YJD-0172","YJD-0340","YJD-0193","YJD-0185","IAQ-2453",NA,NA,NA
"y1_d064_IAQ_YJD","YJD","IAQ",77,290,"top","YJD-0157","YJD-0020","YJD-0373","YJD-0025","YJD-0345","YJD-0172","YJD-0340","YJD-0193","YJD-0185","IAQ-2453",NA,NA,NA
"y1_d064_IAQ_YJD","YJD","IAQ",78,291,"top","YJD-0157","YJD-0020","YJD-0373","YJD-0025","YJD-0345","YJD-0172","YJD-0340","YJD-0193","YJD-0185","IAQ-2453",NA,NA,NA
"y1_d064_IAQ_YJD","YJD","IAQ",78,292,"top","YJD-0157","YJD-0020","YJD-0373","YJD-0025","YJD-0345","YJD-0172","YJD-0340","YJD-0193","YJD-0185","IAQ-2453",NA,NA,NA
"y1_d064_IAQ_YJD","YJD","IAQ",78,293,"top","YJD-0157","YJD-0020","YJD-0373","YJD-0025","YJD-0345","YJD-0172","YJD-0340","YJD-0193","YJD-0185","IAQ-2453",NA,NA,NA
"y1_d064_IAQ_YJD","YJD","IAQ",79,294,"top","YJD-0157","YJD-0020","YJD-0373","YJD-0025","YJD-0345","YJD-0172","YJD-0340","YJD-0193","YJD-0185","IAQ-1373",NA,NA,NA
"y1_d064_IAQ_YJD","YJD","IAQ",80,295,"top","YJD-0157","YJD-0020","YJD-0373","YJD-0025","YJD-0345","YJD-0172","YJD-0340","YJD-0193","YJD-0185","IAQ-1373",NA,NA,NA
"y1_d064_IAQ_YJD","YJD","IAQ",80,296,"top","YJD-0157","YJD-0020","YJD-0373","YJD-0025","YJD-0345","YJD-0172","YJD-0340","YJD-0193","YJD-0185","IAQ-1373",NA,NA,NA
"y1_d064_IAQ_YJD","YJD","IAQ",80,297,"top","YJD-0157","YJD-0020","YJD-0373","YJD-0025","YJD-0345","YJD-0172","YJD-0340","YJD-0193","YJD-0185","IAQ-1783","IAQ-1373",NA,NA
"y1_d064_IAQ_YJD","YJD","IAQ",80,298,"top","YJD-0157","YJD-0020","YJD-0373","YJD-0025","YJD-0345","YJD-0172","YJD-0340","YJD-0193","YJD-0185","IAQ-1209","IAQ-1783",NA,NA
"y1_d064_IAQ_YJD","YJD","IAQ",80,299,"top","YJD-0157","YJD-0020","YJD-0373","YJD-0025","YJD-0345","YJD-0172","YJD-0340","YJD-0193","YJD-0185","IAQ-1209","IAQ-1783",NA,NA
